Empresa,Sector ,Medio de contacto ,Telefono ,Web,
ALHEL,Inmobiliario ,Prospectación ,Tel. 5081-4300,http://www.alhel.com/index.php,
ANIDA,Inmobiliario ,Prospectación ,,http://www.anidamexico.com.mx/?page_id=17,
ARTHA,Inmobiliario ,Prospectación ,Tel. 5081-1470,http://www.artha.com.mx/index.htm,
DEL PARQUE ,Inmobiliario ,Prospectación ,Tel. 5520-1000,http://www.delparque.com.mx/quienes.html,
GRUPO INMOBILIARIO,Inmobiliario ,Prospectación ,Tel. 5081-4350,http://www-1.gfa.com.mx/contacto/,
GIM,Inmobiliario ,Prospectación ,Tel. 9177-0100,http://www.gim.com.mx/,
GLIM,Inmobiliario y Construcción,Prospectación ,Tel. 5276-8690,http://www.glm.com.mx/,
Grupo Questro,Inmobiliario ,Prospectación ,Tel. 52 (624) 173-9200 Ext. 206,http://www.questro.com/index.php,
FREL,Inmobiliario ,Prospectación ,Tel. 5395-8800,http://frel.mx/,
Grupo Danhos,Inmobiliario,Prospectación ,Tel. 5284-0030,http://www.danhos.com.mx/index.php/oficinas,
Grupo  Invetierra,Inmobiliario,Prospectación ,Tel. 5257-9957,http://www.invertierra.com.mx/htm/home.htm,
Grupo lar,Inmobiliario,Prospectación ,Tel. +48 22 523 6300,http://www.grupolar.com/,
Grupo Jomer,Inmobiliario,Prospectación ,Tel. 9149-5140,http://www.grupojomer.com.mx/,
GSM,Inmobiliario,Prospectación ,Tel. 5251-8104,http://www.sordomadaleno.com/gsm/es/about-mission/,
ICON group,Inmobiliario,Prospectación ,info@icongroup.com.mx,http://www.icongroup.com.mx/,
IOS OFFICES,Inmobiliario,Prospectación ,Tel. 1253-7000,http://www.iosoffices.com/,
Probimex,Inmobiliario,Prospectación ,Tel. (722) 280 15 15/(722) 305 29 31,http://www.probimex.com/contacto_probimex.php#,
,,,,,
,,,,,
,,,,,
,,,,,
,,,,,
,,,,,
,,,,,
,,,,,
,,,,,
,,,,,
